<?xml version="1.0" encoding="UTF-8"?>
<!DOCTYPE plist PUBLIC "-//Apple//DTD PLIST 1.0//EN" "http://www.apple.com/DTDs/PropertyList-1.0.dtd">
<plist version="1.0">
<dict>
	<key>ControllerConfig</key>
	<dict>
		<key>2slider-group1</key>
		<dict>
			<key>label</key>
			<string>*1*</string>
			<key>slider1</key>
			<dict>
				<key>channel</key>
				<integer>2</integer>
				<key>kind</key>
				<string>ctrl</string>
				<key>label</key>
				<string>1</string>
				<key>type</key>
				<string>volume</string>
				<key>value</key>
				<integer>46</integer>
			</dict>
			<key>slider2</key>
			<dict>
				<key>channel</key>
				<integer>2</integer>
				<key>kind</key>
				<string>ctrl</string>
				<key>label</key>
				<string>2</string>
				<key>type</key>
				<string>volume</string>
				<key>value</key>
				<integer>47</integer>
			</dict>
		</dict>
		<key>2slider-group10</key>
		<dict>
			<key>label</key>
			<string>*10*</string>
			<key>slider1</key>
			<dict>
				<key>channel</key>
				<integer>2</integer>
				<key>kind</key>
				<string>ctrl</string>
				<key>label</key>
				<string>1</string>
				<key>type</key>
				<string>volume</string>
				<key>value</key>
				<integer>64</integer>
			</dict>
			<key>slider2</key>
			<dict>
				<key>channel</key>
				<integer>2</integer>
				<key>kind</key>
				<string>ctrl</string>
				<key>label</key>
				<string>2</string>
				<key>type</key>
				<string>volume</string>
				<key>value</key>
				<integer>65</integer>
			</dict>
		</dict>
		<key>2slider-group2</key>
		<dict>
			<key>label</key>
			<string>*2*</string>
			<key>slider1</key>
			<dict>
				<key>channel</key>
				<integer>2</integer>
				<key>kind</key>
				<string>ctrl</string>
				<key>label</key>
				<string>1</string>
				<key>type</key>
				<string>volume</string>
				<key>value</key>
				<integer>48</integer>
			</dict>
			<key>slider2</key>
			<dict>
				<key>channel</key>
				<integer>2</integer>
				<key>kind</key>
				<string>ctrl</string>
				<key>label</key>
				<string>2</string>
				<key>type</key>
				<string>volume</string>
				<key>value</key>
				<integer>49</integer>
			</dict>
		</dict>
		<key>2slider-group3</key>
		<dict>
			<key>label</key>
			<string>*3*</string>
			<key>slider1</key>
			<dict>
				<key>channel</key>
				<integer>2</integer>
				<key>kind</key>
				<string>ctrl</string>
				<key>label</key>
				<string>1</string>
				<key>type</key>
				<string>volume</string>
				<key>value</key>
				<integer>50</integer>
			</dict>
			<key>slider2</key>
			<dict>
				<key>channel</key>
				<integer>2</integer>
				<key>kind</key>
				<string>ctrl</string>
				<key>label</key>
				<string>2</string>
				<key>type</key>
				<string>volume</string>
				<key>value</key>
				<integer>51</integer>
			</dict>
		</dict>
		<key>2slider-group4</key>
		<dict>
			<key>label</key>
			<string>*4*</string>
			<key>slider1</key>
			<dict>
				<key>channel</key>
				<integer>2</integer>
				<key>kind</key>
				<string>ctrl</string>
				<key>label</key>
				<string>1</string>
				<key>type</key>
				<string>volume</string>
				<key>value</key>
				<integer>52</integer>
			</dict>
			<key>slider2</key>
			<dict>
				<key>channel</key>
				<integer>2</integer>
				<key>kind</key>
				<string>ctrl</string>
				<key>label</key>
				<string>2</string>
				<key>type</key>
				<string>volume</string>
				<key>value</key>
				<integer>53</integer>
			</dict>
		</dict>
		<key>2slider-group5</key>
		<dict>
			<key>label</key>
			<string>*5*</string>
			<key>slider1</key>
			<dict>
				<key>channel</key>
				<integer>2</integer>
				<key>kind</key>
				<string>ctrl</string>
				<key>label</key>
				<string>1</string>
				<key>type</key>
				<string>volume</string>
				<key>value</key>
				<integer>54</integer>
			</dict>
			<key>slider2</key>
			<dict>
				<key>channel</key>
				<integer>2</integer>
				<key>kind</key>
				<string>ctrl</string>
				<key>label</key>
				<string>2</string>
				<key>type</key>
				<string>volume</string>
				<key>value</key>
				<integer>55</integer>
			</dict>
		</dict>
		<key>2slider-group6</key>
		<dict>
			<key>label</key>
			<string>*6*</string>
			<key>slider1</key>
			<dict>
				<key>channel</key>
				<integer>2</integer>
				<key>kind</key>
				<string>ctrl</string>
				<key>label</key>
				<string>1</string>
				<key>type</key>
				<string>volume</string>
				<key>value</key>
				<integer>56</integer>
			</dict>
			<key>slider2</key>
			<dict>
				<key>channel</key>
				<integer>2</integer>
				<key>kind</key>
				<string>ctrl</string>
				<key>label</key>
				<string>2</string>
				<key>type</key>
				<string>volume</string>
				<key>value</key>
				<integer>57</integer>
			</dict>
		</dict>
		<key>2slider-group7</key>
		<dict>
			<key>label</key>
			<string>*7*</string>
			<key>slider1</key>
			<dict>
				<key>channel</key>
				<integer>2</integer>
				<key>kind</key>
				<string>ctrl</string>
				<key>label</key>
				<string>1</string>
				<key>type</key>
				<string>volume</string>
				<key>value</key>
				<integer>58</integer>
			</dict>
			<key>slider2</key>
			<dict>
				<key>channel</key>
				<integer>2</integer>
				<key>kind</key>
				<string>ctrl</string>
				<key>label</key>
				<string>2</string>
				<key>type</key>
				<string>volume</string>
				<key>value</key>
				<integer>59</integer>
			</dict>
		</dict>
		<key>2slider-group8</key>
		<dict>
			<key>label</key>
			<string>*8*</string>
			<key>slider1</key>
			<dict>
				<key>channel</key>
				<integer>2</integer>
				<key>kind</key>
				<string>ctrl</string>
				<key>label</key>
				<string>1</string>
				<key>type</key>
				<string>volume</string>
				<key>value</key>
				<integer>60</integer>
			</dict>
			<key>slider2</key>
			<dict>
				<key>channel</key>
				<integer>2</integer>
				<key>kind</key>
				<string>ctrl</string>
				<key>label</key>
				<string>2</string>
				<key>type</key>
				<string>volume</string>
				<key>value</key>
				<integer>61</integer>
			</dict>
		</dict>
		<key>2slider-group9</key>
		<dict>
			<key>label</key>
			<string>*9*</string>
			<key>slider1</key>
			<dict>
				<key>channel</key>
				<integer>2</integer>
				<key>kind</key>
				<string>ctrl</string>
				<key>label</key>
				<string>1</string>
				<key>type</key>
				<string>volume</string>
				<key>value</key>
				<integer>62</integer>
			</dict>
			<key>slider2</key>
			<dict>
				<key>channel</key>
				<integer>2</integer>
				<key>kind</key>
				<string>ctrl</string>
				<key>label</key>
				<string>2</string>
				<key>type</key>
				<string>volume</string>
				<key>value</key>
				<integer>63</integer>
			</dict>
		</dict>
		<key>3slider1button-group1</key>
		<dict>
			<key>label</key>
			<string>EQ 1</string>
			<key>pad1</key>
			<dict>
				<key>channel</key>
				<integer>2</integer>
				<key>kind</key>
				<string>note</string>
				<key>label</key>
				<string>on 1</string>
				<key>type</key>
				<string>toggle</string>
				<key>value</key>
				<integer>0</integer>
			</dict>
			<key>slider1</key>
			<dict>
				<key>channel</key>
				<integer>2</integer>
				<key>kind</key>
				<string>ctrl</string>
				<key>label</key>
				<string>G</string>
				<key>type</key>
				<string>volume</string>
				<key>value</key>
				<integer>30</integer>
			</dict>
			<key>slider2</key>
			<dict>
				<key>channel</key>
				<integer>2</integer>
				<key>kind</key>
				<string>ctrl</string>
				<key>label</key>
				<string>F</string>
				<key>type</key>
				<string>volume</string>
				<key>value</key>
				<integer>31</integer>
			</dict>
			<key>slider3</key>
			<dict>
				<key>channel</key>
				<integer>2</integer>
				<key>kind</key>
				<string>ctrl</string>
				<key>label</key>
				<string>Q</string>
				<key>type</key>
				<string>volume</string>
				<key>value</key>
				<integer>32</integer>
			</dict>
		</dict>
		<key>3slider1button-group2</key>
		<dict>
			<key>label</key>
			<string>EQ 2</string>
			<key>pad1</key>
			<dict>
				<key>channel</key>
				<integer>2</integer>
				<key>kind</key>
				<string>note</string>
				<key>label</key>
				<string>on 2</string>
				<key>type</key>
				<string>toggle</string>
				<key>value</key>
				<integer>1</integer>
			</dict>
			<key>slider1</key>
			<dict>
				<key>channel</key>
				<integer>2</integer>
				<key>kind</key>
				<string>ctrl</string>
				<key>label</key>
				<string>G</string>
				<key>type</key>
				<string>volume</string>
				<key>value</key>
				<integer>34</integer>
			</dict>
			<key>slider2</key>
			<dict>
				<key>channel</key>
				<integer>2</integer>
				<key>kind</key>
				<string>ctrl</string>
				<key>label</key>
				<string>F</string>
				<key>type</key>
				<string>volume</string>
				<key>value</key>
				<integer>35</integer>
			</dict>
			<key>slider3</key>
			<dict>
				<key>channel</key>
				<integer>2</integer>
				<key>kind</key>
				<string>ctrl</string>
				<key>label</key>
				<string>Q</string>
				<key>type</key>
				<string>volume</string>
				<key>value</key>
				<integer>36</integer>
			</dict>
		</dict>
		<key>3slider1button-group3</key>
		<dict>
			<key>label</key>
			<string>EQ 3</string>
			<key>pad1</key>
			<dict>
				<key>channel</key>
				<integer>2</integer>
				<key>kind</key>
				<string>note</string>
				<key>label</key>
				<string>on 3</string>
				<key>type</key>
				<string>toggle</string>
				<key>value</key>
				<integer>2</integer>
			</dict>
			<key>slider1</key>
			<dict>
				<key>channel</key>
				<integer>2</integer>
				<key>kind</key>
				<string>ctrl</string>
				<key>label</key>
				<string>G</string>
				<key>type</key>
				<string>volume</string>
				<key>value</key>
				<integer>38</integer>
			</dict>
			<key>slider2</key>
			<dict>
				<key>channel</key>
				<integer>2</integer>
				<key>kind</key>
				<string>ctrl</string>
				<key>label</key>
				<string>F</string>
				<key>type</key>
				<string>volume</string>
				<key>value</key>
				<integer>39</integer>
			</dict>
			<key>slider3</key>
			<dict>
				<key>channel</key>
				<integer>2</integer>
				<key>kind</key>
				<string>ctrl</string>
				<key>label</key>
				<string>Q</string>
				<key>type</key>
				<string>volume</string>
				<key>value</key>
				<integer>40</integer>
			</dict>
		</dict>
		<key>3slider1button-group4</key>
		<dict>
			<key>label</key>
			<string>EQ 4</string>
			<key>pad1</key>
			<dict>
				<key>channel</key>
				<integer>2</integer>
				<key>kind</key>
				<string>note</string>
				<key>label</key>
				<string>on 4</string>
				<key>type</key>
				<string>toggle</string>
				<key>value</key>
				<integer>3</integer>
			</dict>
			<key>slider1</key>
			<dict>
				<key>channel</key>
				<integer>2</integer>
				<key>kind</key>
				<string>ctrl</string>
				<key>label</key>
				<string>G</string>
				<key>type</key>
				<string>volume</string>
				<key>value</key>
				<integer>42</integer>
			</dict>
			<key>slider2</key>
			<dict>
				<key>channel</key>
				<integer>2</integer>
				<key>kind</key>
				<string>ctrl</string>
				<key>label</key>
				<string>F</string>
				<key>type</key>
				<string>volume</string>
				<key>value</key>
				<integer>43</integer>
			</dict>
			<key>slider3</key>
			<dict>
				<key>channel</key>
				<integer>2</integer>
				<key>kind</key>
				<string>ctrl</string>
				<key>label</key>
				<string>Q</string>
				<key>type</key>
				<string>volume</string>
				<key>value</key>
				<integer>44</integer>
			</dict>
		</dict>
		<key>4slider-group1</key>
		<dict>
			<key>label</key>
			<string>-1-</string>
			<key>slider1</key>
			<dict>
				<key>channel</key>
				<integer>2</integer>
				<key>kind</key>
				<string>ctrl</string>
				<key>label</key>
				<string>1</string>
				<key>type</key>
				<string>volume</string>
				<key>value</key>
				<integer>4</integer>
			</dict>
			<key>slider2</key>
			<dict>
				<key>channel</key>
				<integer>2</integer>
				<key>kind</key>
				<string>ctrl</string>
				<key>label</key>
				<string>2</string>
				<key>type</key>
				<string>volume</string>
				<key>value</key>
				<integer>5</integer>
			</dict>
			<key>slider3</key>
			<dict>
				<key>channel</key>
				<integer>2</integer>
				<key>kind</key>
				<string>ctrl</string>
				<key>label</key>
				<string>3</string>
				<key>type</key>
				<string>volume</string>
				<key>value</key>
				<integer>6</integer>
			</dict>
			<key>slider4</key>
			<dict>
				<key>channel</key>
				<integer>2</integer>
				<key>kind</key>
				<string>ctrl</string>
				<key>label</key>
				<string>4</string>
				<key>type</key>
				<string>volume</string>
				<key>value</key>
				<integer>7</integer>
			</dict>
		</dict>
		<key>4slider-group2</key>
		<dict>
			<key>label</key>
			<string>-2-</string>
			<key>slider1</key>
			<dict>
				<key>channel</key>
				<integer>2</integer>
				<key>kind</key>
				<string>ctrl</string>
				<key>label</key>
				<string>1</string>
				<key>type</key>
				<string>volume</string>
				<key>value</key>
				<integer>8</integer>
			</dict>
			<key>slider2</key>
			<dict>
				<key>channel</key>
				<integer>2</integer>
				<key>kind</key>
				<string>ctrl</string>
				<key>label</key>
				<string>2</string>
				<key>type</key>
				<string>volume</string>
				<key>value</key>
				<integer>9</integer>
			</dict>
			<key>slider3</key>
			<dict>
				<key>channel</key>
				<integer>2</integer>
				<key>kind</key>
				<string>ctrl</string>
				<key>label</key>
				<string>3</string>
				<key>type</key>
				<string>volume</string>
				<key>value</key>
				<integer>10</integer>
			</dict>
			<key>slider4</key>
			<dict>
				<key>channel</key>
				<integer>2</integer>
				<key>kind</key>
				<string>ctrl</string>
				<key>label</key>
				<string>4</string>
				<key>type</key>
				<string>volume</string>
				<key>value</key>
				<integer>11</integer>
			</dict>
		</dict>
		<key>4slider-group3</key>
		<dict>
			<key>label</key>
			<string>-3-</string>
			<key>slider1</key>
			<dict>
				<key>channel</key>
				<integer>2</integer>
				<key>kind</key>
				<string>ctrl</string>
				<key>label</key>
				<string>1</string>
				<key>type</key>
				<string>volume</string>
				<key>value</key>
				<integer>12</integer>
			</dict>
			<key>slider2</key>
			<dict>
				<key>channel</key>
				<integer>2</integer>
				<key>kind</key>
				<string>ctrl</string>
				<key>label</key>
				<string>2</string>
				<key>type</key>
				<string>volume</string>
				<key>value</key>
				<integer>13</integer>
			</dict>
			<key>slider3</key>
			<dict>
				<key>channel</key>
				<integer>2</integer>
				<key>kind</key>
				<string>ctrl</string>
				<key>label</key>
				<string>3</string>
				<key>type</key>
				<string>volume</string>
				<key>value</key>
				<integer>14</integer>
			</dict>
			<key>slider4</key>
			<dict>
				<key>channel</key>
				<integer>2</integer>
				<key>kind</key>
				<string>ctrl</string>
				<key>label</key>
				<string>4</string>
				<key>type</key>
				<string>volume</string>
				<key>value</key>
				<integer>15</integer>
			</dict>
		</dict>
		<key>4slider-group4</key>
		<dict>
			<key>label</key>
			<string>-4-</string>
			<key>slider1</key>
			<dict>
				<key>channel</key>
				<integer>2</integer>
				<key>kind</key>
				<string>ctrl</string>
				<key>label</key>
				<string>1</string>
				<key>type</key>
				<string>volume</string>
				<key>value</key>
				<integer>16</integer>
			</dict>
			<key>slider2</key>
			<dict>
				<key>channel</key>
				<integer>2</integer>
				<key>kind</key>
				<string>ctrl</string>
				<key>label</key>
				<string>2</string>
				<key>type</key>
				<string>volume</string>
				<key>value</key>
				<integer>17</integer>
			</dict>
			<key>slider3</key>
			<dict>
				<key>channel</key>
				<integer>2</integer>
				<key>kind</key>
				<string>ctrl</string>
				<key>label</key>
				<string>3</string>
				<key>type</key>
				<string>volume</string>
				<key>value</key>
				<integer>18</integer>
			</dict>
			<key>slider4</key>
			<dict>
				<key>channel</key>
				<integer>2</integer>
				<key>kind</key>
				<string>ctrl</string>
				<key>label</key>
				<string>4</string>
				<key>type</key>
				<string>volume</string>
				<key>value</key>
				<integer>19</integer>
			</dict>
		</dict>
		<key>8pad-group1</key>
		<dict>
			<key>label</key>
			<string>-1-</string>
			<key>pad1</key>
			<dict>
				<key>channel</key>
				<integer>2</integer>
				<key>kind</key>
				<string>note</string>
				<key>label</key>
				<string>1</string>
				<key>type</key>
				<string>momentary</string>
				<key>value</key>
				<integer>48</integer>
			</dict>
			<key>pad10</key>
			<dict>
				<key>channel</key>
				<integer>2</integer>
				<key>kind</key>
				<string>note</string>
				<key>label</key>
				<string>10</string>
				<key>type</key>
				<string>momentary</string>
				<key>value</key>
				<integer>57</integer>
			</dict>
			<key>pad2</key>
			<dict>
				<key>channel</key>
				<integer>2</integer>
				<key>kind</key>
				<string>note</string>
				<key>label</key>
				<string>2</string>
				<key>type</key>
				<string>momentary</string>
				<key>value</key>
				<integer>49</integer>
			</dict>
			<key>pad3</key>
			<dict>
				<key>channel</key>
				<integer>2</integer>
				<key>kind</key>
				<string>note</string>
				<key>label</key>
				<string>3</string>
				<key>type</key>
				<string>momentary</string>
				<key>value</key>
				<integer>50</integer>
			</dict>
			<key>pad4</key>
			<dict>
				<key>channel</key>
				<integer>2</integer>
				<key>kind</key>
				<string>note</string>
				<key>label</key>
				<string>4</string>
				<key>type</key>
				<string>momentary</string>
				<key>value</key>
				<integer>51</integer>
			</dict>
			<key>pad5</key>
			<dict>
				<key>channel</key>
				<integer>2</integer>
				<key>kind</key>
				<string>note</string>
				<key>label</key>
				<string>5</string>
				<key>type</key>
				<string>momentary</string>
				<key>value</key>
				<integer>52</integer>
			</dict>
			<key>pad6</key>
			<dict>
				<key>channel</key>
				<integer>2</integer>
				<key>kind</key>
				<string>note</string>
				<key>label</key>
				<string>6</string>
				<key>type</key>
				<string>momentary</string>
				<key>value</key>
				<integer>53</integer>
			</dict>
			<key>pad7</key>
			<dict>
				<key>channel</key>
				<integer>2</integer>
				<key>kind</key>
				<string>note</string>
				<key>label</key>
				<string>7</string>
				<key>type</key>
				<string>momentary</string>
				<key>value</key>
				<integer>54</integer>
			</dict>
			<key>pad8</key>
			<dict>
				<key>channel</key>
				<integer>2</integer>
				<key>kind</key>
				<string>note</string>
				<key>label</key>
				<string>8</string>
				<key>type</key>
				<string>momentary</string>
				<key>value</key>
				<integer>55</integer>
			</dict>
			<key>pad9</key>
			<dict>
				<key>channel</key>
				<integer>2</integer>
				<key>kind</key>
				<string>note</string>
				<key>label</key>
				<string>9</string>
				<key>type</key>
				<string>momentary</string>
				<key>value</key>
				<integer>56</integer>
			</dict>
		</dict>
		<key>8pad-group2</key>
		<dict>
			<key>label</key>
			<string>-2-</string>
			<key>pad1</key>
			<dict>
				<key>channel</key>
				<integer>2</integer>
				<key>kind</key>
				<string>note</string>
				<key>label</key>
				<string>1</string>
				<key>type</key>
				<string>momentary</string>
				<key>value</key>
				<integer>60</integer>
			</dict>
			<key>pad10</key>
			<dict>
				<key>channel</key>
				<integer>2</integer>
				<key>kind</key>
				<string>note</string>
				<key>label</key>
				<string>10</string>
				<key>type</key>
				<string>momentary</string>
				<key>value</key>
				<integer>69</integer>
			</dict>
			<key>pad2</key>
			<dict>
				<key>channel</key>
				<integer>2</integer>
				<key>kind</key>
				<string>note</string>
				<key>label</key>
				<string>2</string>
				<key>type</key>
				<string>momentary</string>
				<key>value</key>
				<integer>61</integer>
			</dict>
			<key>pad3</key>
			<dict>
				<key>channel</key>
				<integer>2</integer>
				<key>kind</key>
				<string>note</string>
				<key>label</key>
				<string>3</string>
				<key>type</key>
				<string>momentary</string>
				<key>value</key>
				<integer>62</integer>
			</dict>
			<key>pad4</key>
			<dict>
				<key>channel</key>
				<integer>2</integer>
				<key>kind</key>
				<string>note</string>
				<key>label</key>
				<string>4</string>
				<key>type</key>
				<string>momentary</string>
				<key>value</key>
				<integer>63</integer>
			</dict>
			<key>pad5</key>
			<dict>
				<key>channel</key>
				<integer>2</integer>
				<key>kind</key>
				<string>note</string>
				<key>label</key>
				<string>5</string>
				<key>type</key>
				<string>momentary</string>
				<key>value</key>
				<integer>64</integer>
			</dict>
			<key>pad6</key>
			<dict>
				<key>channel</key>
				<integer>2</integer>
				<key>kind</key>
				<string>note</string>
				<key>label</key>
				<string>6</string>
				<key>type</key>
				<string>momentary</string>
				<key>value</key>
				<integer>65</integer>
			</dict>
			<key>pad7</key>
			<dict>
				<key>channel</key>
				<integer>2</integer>
				<key>kind</key>
				<string>note</string>
				<key>label</key>
				<string>7</string>
				<key>type</key>
				<string>momentary</string>
				<key>value</key>
				<integer>66</integer>
			</dict>
			<key>pad8</key>
			<dict>
				<key>channel</key>
				<integer>2</integer>
				<key>kind</key>
				<string>note</string>
				<key>label</key>
				<string>8</string>
				<key>type</key>
				<string>momentary</string>
				<key>value</key>
				<integer>67</integer>
			</dict>
			<key>pad9</key>
			<dict>
				<key>channel</key>
				<integer>2</integer>
				<key>kind</key>
				<string>note</string>
				<key>label</key>
				<string>9</string>
				<key>type</key>
				<string>momentary</string>
				<key>value</key>
				<integer>68</integer>
			</dict>
		</dict>
		<key>8pad-group3</key>
		<dict>
			<key>label</key>
			<string>-3-</string>
			<key>pad1</key>
			<dict>
				<key>channel</key>
				<integer>2</integer>
				<key>kind</key>
				<string>note</string>
				<key>label</key>
				<string>1</string>
				<key>type</key>
				<string>momentary</string>
				<key>value</key>
				<integer>72</integer>
			</dict>
			<key>pad10</key>
			<dict>
				<key>channel</key>
				<integer>2</integer>
				<key>kind</key>
				<string>note</string>
				<key>label</key>
				<string>10</string>
				<key>type</key>
				<string>momentary</string>
				<key>value</key>
				<integer>81</integer>
			</dict>
			<key>pad2</key>
			<dict>
				<key>channel</key>
				<integer>2</integer>
				<key>kind</key>
				<string>note</string>
				<key>label</key>
				<string>2</string>
				<key>type</key>
				<string>momentary</string>
				<key>value</key>
				<integer>73</integer>
			</dict>
			<key>pad3</key>
			<dict>
				<key>channel</key>
				<integer>2</integer>
				<key>kind</key>
				<string>note</string>
				<key>label</key>
				<string>3</string>
				<key>type</key>
				<string>momentary</string>
				<key>value</key>
				<integer>74</integer>
			</dict>
			<key>pad4</key>
			<dict>
				<key>channel</key>
				<integer>2</integer>
				<key>kind</key>
				<string>note</string>
				<key>label</key>
				<string>4</string>
				<key>type</key>
				<string>momentary</string>
				<key>value</key>
				<integer>75</integer>
			</dict>
			<key>pad5</key>
			<dict>
				<key>channel</key>
				<integer>2</integer>
				<key>kind</key>
				<string>note</string>
				<key>label</key>
				<string>5</string>
				<key>type</key>
				<string>momentary</string>
				<key>value</key>
				<integer>76</integer>
			</dict>
			<key>pad6</key>
			<dict>
				<key>channel</key>
				<integer>2</integer>
				<key>kind</key>
				<string>note</string>
				<key>label</key>
				<string>6</string>
				<key>type</key>
				<string>momentary</string>
				<key>value</key>
				<integer>77</integer>
			</dict>
			<key>pad7</key>
			<dict>
				<key>channel</key>
				<integer>2</integer>
				<key>kind</key>
				<string>note</string>
				<key>label</key>
				<string>7</string>
				<key>type</key>
				<string>momentary</string>
				<key>value</key>
				<integer>78</integer>
			</dict>
			<key>pad8</key>
			<dict>
				<key>channel</key>
				<integer>2</integer>
				<key>kind</key>
				<string>note</string>
				<key>label</key>
				<string>8</string>
				<key>type</key>
				<string>momentary</string>
				<key>value</key>
				<integer>79</integer>
			</dict>
			<key>pad9</key>
			<dict>
				<key>channel</key>
				<integer>2</integer>
				<key>kind</key>
				<string>note</string>
				<key>label</key>
				<string>9</string>
				<key>type</key>
				<string>momentary</string>
				<key>value</key>
				<integer>80</integer>
			</dict>
		</dict>
		<key>8pad-group4</key>
		<dict>
			<key>label</key>
			<string>-4-</string>
			<key>pad1</key>
			<dict>
				<key>channel</key>
				<integer>2</integer>
				<key>kind</key>
				<string>note</string>
				<key>label</key>
				<string>1</string>
				<key>type</key>
				<string>momentary</string>
				<key>value</key>
				<integer>84</integer>
			</dict>
			<key>pad10</key>
			<dict>
				<key>channel</key>
				<integer>2</integer>
				<key>kind</key>
				<string>note</string>
				<key>label</key>
				<string>10</string>
				<key>type</key>
				<string>momentary</string>
				<key>value</key>
				<integer>93</integer>
			</dict>
			<key>pad2</key>
			<dict>
				<key>channel</key>
				<integer>2</integer>
				<key>kind</key>
				<string>note</string>
				<key>label</key>
				<string>2</string>
				<key>type</key>
				<string>momentary</string>
				<key>value</key>
				<integer>85</integer>
			</dict>
			<key>pad3</key>
			<dict>
				<key>channel</key>
				<integer>2</integer>
				<key>kind</key>
				<string>note</string>
				<key>label</key>
				<string>3</string>
				<key>type</key>
				<string>momentary</string>
				<key>value</key>
				<integer>86</integer>
			</dict>
			<key>pad4</key>
			<dict>
				<key>channel</key>
				<integer>2</integer>
				<key>kind</key>
				<string>note</string>
				<key>label</key>
				<string>4</string>
				<key>type</key>
				<string>momentary</string>
				<key>value</key>
				<integer>87</integer>
			</dict>
			<key>pad5</key>
			<dict>
				<key>channel</key>
				<integer>2</integer>
				<key>kind</key>
				<string>note</string>
				<key>label</key>
				<string>5</string>
				<key>type</key>
				<string>momentary</string>
				<key>value</key>
				<integer>88</integer>
			</dict>
			<key>pad6</key>
			<dict>
				<key>channel</key>
				<integer>2</integer>
				<key>kind</key>
				<string>note</string>
				<key>label</key>
				<string>6</string>
				<key>type</key>
				<string>momentary</string>
				<key>value</key>
				<integer>89</integer>
			</dict>
			<key>pad7</key>
			<dict>
				<key>channel</key>
				<integer>2</integer>
				<key>kind</key>
				<string>note</string>
				<key>label</key>
				<string>7</string>
				<key>type</key>
				<string>momentary</string>
				<key>value</key>
				<integer>90</integer>
			</dict>
			<key>pad8</key>
			<dict>
				<key>channel</key>
				<integer>2</integer>
				<key>kind</key>
				<string>note</string>
				<key>label</key>
				<string>8</string>
				<key>type</key>
				<string>momentary</string>
				<key>value</key>
				<integer>91</integer>
			</dict>
			<key>pad9</key>
			<dict>
				<key>channel</key>
				<integer>2</integer>
				<key>kind</key>
				<string>note</string>
				<key>label</key>
				<string>9</string>
				<key>type</key>
				<string>momentary</string>
				<key>value</key>
				<integer>92</integer>
			</dict>
		</dict>
		<key>color</key>
		<data>
		BAtzdHJlYW10eXBlZIHoA4QBQISEhAdOU0NvbG9yAISECE5TT2JqZWN0AIWE
		AWMBhARmZmZmg7pTaz6D7L79PoMrnqo+AYY=
		</data>
		<key>label</key>
		<string></string>
		<key>pad1</key>
		<dict>
			<key>channel</key>
			<integer>7</integer>
			<key>color</key>
			<data>
			BAtzdHJlYW10eXBlZIHoA4QBQISEhAdOU0NvbG9yAISECE5TT2Jq
			ZWN0AIWEAWMBhARmZmZmg8D/fz+DAvx/P4OKEig9AYY=
			</data>
			<key>kind</key>
			<string>note</string>
			<key>label</key>
			<string>R Mute</string>
			<key>type</key>
			<string>toggle</string>
			<key>value</key>
			<integer>2</integer>
		</dict>
		<key>pad10</key>
		<dict>
			<key>channel</key>
			<integer>2</integer>
			<key>kind</key>
			<string>note</string>
			<key>label</key>
			<string>10</string>
			<key>type</key>
			<string>momentary</string>
			<key>value</key>
			<integer>45</integer>
		</dict>
		<key>pad2</key>
		<dict>
			<key>channel</key>
			<integer>7</integer>
			<key>color</key>
			<data>
			BAtzdHJlYW10eXBlZIHoA4QBQISEhAdOU0NvbG9yAISECE5TT2Jq
			ZWN0AIWEAWMBhARmZmZmg8D/fz+DAvx/P4OKEig9AYY=
			</data>
			<key>kind</key>
			<string>note</string>
			<key>label</key>
			<string>Focus</string>
			<key>type</key>
			<string>toggle</string>
			<key>value</key>
			<integer>3</integer>
		</dict>
		<key>pad3</key>
		<dict>
			<key>channel</key>
			<integer>7</integer>
			<key>color</key>
			<data>
			BAtzdHJlYW10eXBlZIHoA4QBQISEhAdOU0NvbG9yAISECE5TT2Jq
			ZWN0AIWEAWMBhARmZmZmg596fD+DgFXpO4OqveA8AYY=
			</data>
			<key>kind</key>
			<string>note</string>
			<key>label</key>
			<string>FX Low</string>
			<key>type</key>
			<string>momentary</string>
			<key>value</key>
			<integer>0</integer>
		</dict>
		<key>pad4</key>
		<dict>
			<key>channel</key>
			<integer>7</integer>
			<key>color</key>
			<data>
			BAtzdHJlYW10eXBlZIHoA4QBQISEhAdOU0NvbG9yAISECE5TT2Jq
			ZWN0AIWEAWMBhARmZmZmg+CAAD+DABzCOoPFnX8/AYY=
			</data>
			<key>kind</key>
			<string>note</string>
			<key>label</key>
			<string>Vol Cut</string>
			<key>type</key>
			<string>momentary</string>
			<key>value</key>
			<integer>1</integer>
		</dict>
		<key>pad5</key>
		<dict>
			<key>channel</key>
			<integer>7</integer>
			<key>color</key>
			<data>
			BAtzdHJlYW10eXBlZIHoA4QBQISEhAdOU0NvbG9yAISECE5TT2Jq
			ZWN0AIWEAWMBhARmZmZmg596fD+DgFXpO4OqveA8AYY=
			</data>
			<key>kind</key>
			<string>note</string>
			<key>label</key>
			<string>Panic</string>
			<key>type</key>
			<string>momentary</string>
			<key>value</key>
			<integer>4</integer>
		</dict>
		<key>pad6</key>
		<dict>
			<key>channel</key>
			<integer>2</integer>
			<key>kind</key>
			<string>note</string>
			<key>label</key>
			<string>6</string>
			<key>type</key>
			<string>momentary</string>
			<key>value</key>
			<integer>41</integer>
		</dict>
		<key>pad7</key>
		<dict>
			<key>channel</key>
			<integer>2</integer>
			<key>kind</key>
			<string>note</string>
			<key>label</key>
			<string>7</string>
			<key>type</key>
			<string>momentary</string>
			<key>value</key>
			<integer>42</integer>
		</dict>
		<key>pad8</key>
		<dict>
			<key>channel</key>
			<integer>2</integer>
			<key>kind</key>
			<string>note</string>
			<key>label</key>
			<string>8</string>
			<key>type</key>
			<string>momentary</string>
			<key>value</key>
			<integer>43</integer>
		</dict>
		<key>pad9</key>
		<dict>
			<key>channel</key>
			<integer>2</integer>
			<key>kind</key>
			<string>note</string>
			<key>label</key>
			<string>9</string>
			<key>type</key>
			<string>momentary</string>
			<key>value</key>
			<integer>44</integer>
		</dict>
		<key>pause</key>
		<dict>
			<key>channel</key>
			<integer>2</integer>
			<key>kind</key>
			<string>ctrl</string>
			<key>type</key>
			<string>momentary</string>
			<key>value</key>
			<integer>23</integer>
		</dict>
		<key>piano</key>
		<dict>
			<key>channel</key>
			<integer>1</integer>
			<key>type</key>
			<string>glissando</string>
		</dict>
		<key>play</key>
		<dict>
			<key>channel</key>
			<integer>2</integer>
			<key>kind</key>
			<string>ctrl</string>
			<key>type</key>
			<string>momentary</string>
			<key>value</key>
			<integer>22</integer>
		</dict>
		<key>record</key>
		<dict>
			<key>channel</key>
			<integer>7</integer>
			<key>color</key>
			<data>
			BAtzdHJlYW10eXBlZIHoA4QBQISEhAdOU0NvbG9yAISECE5TT2Jq
			ZWN0AIWEAWMBhARmZmZmg934yj2D6KtwPgEBhg==
			</data>
			<key>kind</key>
			<string>note</string>
			<key>type</key>
			<string>momentary</string>
			<key>value</key>
			<integer>1</integer>
		</dict>
		<key>slider1</key>
		<dict>
			<key>channel</key>
			<integer>2</integer>
			<key>kind</key>
			<string>ctrl</string>
			<key>label</key>
			<string>1</string>
			<key>type</key>
			<string>volume</string>
			<key>value</key>
			<integer>0</integer>
		</dict>
		<key>slider2</key>
		<dict>
			<key>channel</key>
			<integer>2</integer>
			<key>kind</key>
			<string>ctrl</string>
			<key>label</key>
			<string>2</string>
			<key>type</key>
			<string>volume</string>
			<key>value</key>
			<integer>1</integer>
		</dict>
		<key>slider3</key>
		<dict>
			<key>channel</key>
			<integer>7</integer>
			<key>color</key>
			<data>
			BAtzdHJlYW10eXBlZIHoA4QBQISEhAdOU0NvbG9yAISECE5TT2Jq
			ZWN0AIWEAWMBhARmZmZmAQAAAYY=
			</data>
			<key>kind</key>
			<string>ctrl</string>
			<key>label</key>
			<string>F</string>
			<key>type</key>
			<string>volume</string>
			<key>value</key>
			<integer>4</integer>
		</dict>
		<key>slider4</key>
		<dict>
			<key>channel</key>
			<integer>7</integer>
			<key>color</key>
			<data>
			BAtzdHJlYW10eXBlZIHoA4QBQISEhAdOU0NvbG9yAISECE5TT2Jq
			ZWN0AIWEAWMBhARmZmZmgyKlhz6DqjcqP4PAGG4/AYY=
			</data>
			<key>kind</key>
			<string>ctrl</string>
			<key>label</key>
			<string>V</string>
			<key>type</key>
			<string>volume</string>
			<key>value</key>
			<integer>5</integer>
		</dict>
		<key>stop</key>
		<dict>
			<key>channel</key>
			<integer>7</integer>
			<key>color</key>
			<data>
			BAtzdHJlYW10eXBlZIHoA4QBQISEhAdOU0NvbG9yAISECE5TT2Jq
			ZWN0AIWEAWMBhARmZmZmAQAAAYY=
			</data>
			<key>kind</key>
			<string>note</string>
			<key>type</key>
			<string>momentary</string>
			<key>value</key>
			<integer>0</integer>
		</dict>
		<key>transport-group</key>
		<dict>
			<key>fb</key>
			<dict>
				<key>channel</key>
				<integer>2</integer>
				<key>kind</key>
				<string>ctrl</string>
				<key>type</key>
				<string>momentary</string>
				<key>value</key>
				<integer>21</integer>
			</dict>
			<key>ff</key>
			<dict>
				<key>channel</key>
				<integer>2</integer>
				<key>kind</key>
				<string>ctrl</string>
				<key>type</key>
				<string>momentary</string>
				<key>value</key>
				<integer>26</integer>
			</dict>
			<key>next</key>
			<dict>
				<key>channel</key>
				<integer>2</integer>
				<key>kind</key>
				<string>ctrl</string>
				<key>type</key>
				<string>momentary</string>
				<key>value</key>
				<integer>27</integer>
			</dict>
			<key>pause</key>
			<dict>
				<key>channel</key>
				<integer>2</integer>
				<key>kind</key>
				<string>ctrl</string>
				<key>type</key>
				<string>momentary</string>
				<key>value</key>
				<integer>23</integer>
			</dict>
			<key>play</key>
			<dict>
				<key>channel</key>
				<integer>2</integer>
				<key>kind</key>
				<string>ctrl</string>
				<key>type</key>
				<string>momentary</string>
				<key>value</key>
				<integer>22</integer>
			</dict>
			<key>previous</key>
			<dict>
				<key>channel</key>
				<integer>2</integer>
				<key>kind</key>
				<string>ctrl</string>
				<key>type</key>
				<string>momentary</string>
				<key>value</key>
				<integer>20</integer>
			</dict>
			<key>record</key>
			<dict>
				<key>channel</key>
				<integer>2</integer>
				<key>kind</key>
				<string>ctrl</string>
				<key>type</key>
				<string>momentary</string>
				<key>value</key>
				<integer>25</integer>
			</dict>
			<key>stop</key>
			<dict>
				<key>channel</key>
				<integer>2</integer>
				<key>kind</key>
				<string>ctrl</string>
				<key>type</key>
				<string>momentary</string>
				<key>value</key>
				<integer>24</integer>
			</dict>
		</dict>
	</dict>
	<key>NSTouchBarConfig</key>
	<dict>
		<key>CurrentItems</key>
		<array>
			<string>ch.uebe.midi-touchbar.slider3</string>
			<string>ch.uebe.midi-touchbar.pad3</string>
			<string>ch.uebe.midi-touchbar.pad1</string>
			<string>ch.uebe.midi-touchbar.pad2</string>
			<string>ch.uebe.midi-touchbar.slider4</string>
			<string>ch.uebe.midi-touchbar.pad4</string>
			<string>ch.uebe.midi-touchbar.pad5</string>
		</array>
	</dict>
	<key>version</key>
	<string>2.4</string>
</dict>
</plist>
